PassengerId,Survived
892,0.1048388537564577
893,0.39122227005136473
894,0.09976005658709916
895,0.15271369489493208
896,0.4851697501644733
897,0.12579193940988415
898,0.5713030378959736
899,0.08173253185370255
900,0.7467231766171214
901,0.08534612941275678
902,0.08871314381892581
903,0.12920883218049004
904,0.9366909740229046
905,0.07064742631035464
906,0.9309248260195195
907,0.9105698534247088
908,0.11960207218393344
909,0.1724284198074188
910,0.43458576652620895
911,0.4807788355435233
912,0.2296322480398843
913,0.7237290958577793
914,0.9233066096057507
915,0.2550044006666342
916,0.9201926979397828
917,0.07227393805619552
918,0.9391111008408114
919,0.17115710448564997
920,0.6444732098348472
921,0.12231137194006543
922,0.0707907231513488
923,0.06794983073548184
924,0.5550985966752258
925,0.4614405018178614
926,0.5953863791774466
927,0.18646020827820894
928,0.3515688928175738
929,0.32408204716304234
930,0.12380236296892125
931,0.3695496996808747
932,0.08936298666798295
933,0.6120395697896476
934,0.09061367498899262
935,0.8816691717246041
936,0.9378041723643816
937,0.13536941289694598
938,0.4968366133886346
939,0.10429276899845079
940,0.9432022041023755
941,0.5760281029667872
942,0.4997025626429023
943,0.15022765520540768
944,0.8767420540588425
945,0.8542778586226726
946,0.1338761099180526
947,0.08424172131660893
948,0.09090853893832695
949,0.12599827304833439
950,0.09726149647726835
951,0.9503003080013441
952,0.10211229898819008
953,0.18194193343770007
954,0.12123118230085309
955,0.7734796809994924
956,0.5278460710636391
957,0.9087649906432727
958,0.7628656930853553
959,0.13153505630889334
960,0.6453550677323083
961,0.8481637554494839
962,0.7741022872392523
963,0.08656084563795777
964,0.40439763845127413
965,0.6010678400060334
966,0.9489482065097613
967,0.48879760734952427
968,0.12816547644302434
969,0.8418272894481771
970,0.14442000636378893
971,0.7741022872392523
972,0.8297548394190084
973,0.21938045737242592
974,0.13368109498602324
975,0.08871314381892581
976,0.10592228752905868
977,0.09111409448850834
978,0.773589912046863
979,0.38713084337000575
980,0.21489460324587792
981,0.8899424393463148
982,0.4550416432076577
983,0.10632494110688144
984,0.9113052551828735
985,0.12816547644302434
986,0.21032251792739562
987,0.1368186370514213
988,0.9411036275195132
989,0.14668545563347246
990,0.6023357957416431
991,0.14282967585091502
992,0.9364074102533173
993,0.09310963174655418
994,0.10429276899845079
995,0.1388223091039899
996,0.6660902317641131
997,0.10096572211780686
998,0.15809523088680658
999,0.10429276899845079
1000,0.15340899686553358
1001,0.12604025478286568
1002,0.10772107193951197
1003,0.7628675556450288
1004,0.9242823810267389
1005,0.7300565367141293
1006,0.9393220263902802
1007,0.12040944700776965
1008,0.0789215511773242
1009,0.8167841428859495
1010,0.450505626750179
1011,0.9091144326968758
1012,0.89633802372805
1013,0.09539345763924896
1014,0.9431276949048926
1015,0.08256960997975957
1016,0.10429276899845079
1017,0.46724355412191476
1018,0.12996695580334644
1019,0.7132096494475577
1020,0.14020360614509234
1021,0.10649898311046686
1022,0.17991289113365522
1023,0.39174374143684604
1024,0.10479700298977904
1025,0.07993551101308553
1026,0.08897921114052867
1027,0.10282715977217419
1028,0.1733836205697304
1029,0.12950274538423062
1030,0.32555414813478684
1031,0.08226695039597237
1032,0.08065866990134984
1033,0.9111461495699853
1034,0.22497598813332315
1035,0.0891297911903304
1036,0.4950484618860972
1037,0.09508867472893363
1038,0.28182628485888506
1039,0.1286873025076172
1040,0.44809847692430554
1041,0.18643571837194556
1042,0.9478905023989833
1043,0.10208804683890851
1044,0.07355089111019816
1045,0.43574770252563544
1046,0.09319268225694156
1047,0.11310594505416685
1048,0.9457925560509018
1049,0.6124286587196097
1050,0.6581878569147086
1051,0.4512414743385985
1052,0.7631782109988923
1053,0.8011392767007678
1054,0.85997478695812
1055,0.07191514948469788
1056,0.15860808375063118
1057,0.570014856044887
1058,0.23395438678688568
1059,0.07498030336706527
1060,0.9053551099563197
1061,0.3414757611002167
1062,0.0844712825553953
1063,0.17989527753588094
1064,0.09005331365419562
1065,0.09135394887800172
1066,0.07683687457935819
1067,0.9364168674440576
1068,0.9348483753744334
1069,0.3853282398344818
1070,0.9460409808332851
1071,0.9361591118741839
1072,0.14442000636378893
1073,0.6483085676800936
1074,0.9229958646545862
1075,0.10429276899845079
1076,0.9379027673923929
1077,0.09533255497473839
1078,0.868274287181498
1079,0.15851462377649544
1080,0.0819546695595478
1081,0.1384456909865372
1082,0.10422572493307355
1083,0.1465503645449559
1084,0.6755736503322826
1085,0.10329972779885818
1086,0.8402116253213334
1087,0.10317181027690514
1088,0.8873104917693608
1089,0.610671435095167
1090,0.1062649556817922
1091,0.4435793142510385
1092,0.6265404528295606
1093,0.8353618163889646
1094,0.3491733443763433
1095,0.8867480470277821
1096,0.11955275417296078
1097,0.14934449700448682
1098,0.630258710529939
1099,0.10103805081431869
1100,0.9054359876523639
1101,0.09575479387500746
1102,0.16332211917502465
1103,0.07325256202931958
1104,0.21008717296061605
1105,0.8768185949391565
1106,0.24793687271391823
1107,0.29693373729882555
1108,0.7681890033815293
1109,0.1782022799453368
1110,0.9365145664553799
1111,0.12816547644302434
1112,0.8747133752823707
1113,0.11137742091928213
1114,0.8690860807140032
1115,0.13059651438514566
1116,0.8654974759605935
1117,0.49181349176037675
1118,0.1275400342720708
1119,0.7712717046827645
1120,0.1082693731456021
1121,0.14572706496570037
1122,0.2471555359967718
1123,0.887418971942292
1124,0.11556807629825823
1125,0.1021231365686294
1126,0.45914319352223015
1127,0.1115617837397043
1128,0.26534171320638833
1129,0.17745604729649192
1130,0.8553843225620023
1131,0.9472366210050005
1132,0.8667682444388154
1133,0.9201826396588428
1134,0.34128934368739444
1135,0.08991786854068715
1136,0.7800303648353373
1137,0.31209424434389316
1138,0.8824409037049981
1139,0.06916639924085208
1140,0.899017003915462
1141,0.4447641575968169
1142,0.8356756097771493
1143,0.1610577327491543
1144,0.4850963034489368
1145,0.09523496704901421
1146,0.15785957638616602
1147,0.10019292036905954
1148,0.10780668713946118
1149,0.11810022527618706
1150,0.881625932261185
1151,0.12024149979237428
1152,0.09260429798436125
1153,0.10567572880583583
1154,0.9161192401888296
1155,0.7920520721420085
1156,0.14085826589296602
1157,0.08871314381892581
1158,0.06896990814847544
1159,0.10019292036905954
1160,0.3309873843517162
1161,0.11251042622489978
1162,0.2851504312390948
1163,0.10429276899845079
1164,0.9338574019022967
1165,0.731022429794953
1166,0.0845982853392371
1167,0.8863029028789476
1168,0.0868233383252692
1169,0.0849911678655191
1170,0.08001201308080154
1171,0.09273084219878837
1172,0.32459834091284623
1173,0.8160379027790452
1174,0.7712717046827645
1175,0.6115090926683833
1176,0.8083926174903796
1177,0.07596174358191957
1178,0.07326037793263672
1179,0.2836398797516605
1180,0.10947959984407167
1181,0.1339489435136127
1182,0.145273698374001
1183,0.4610842391460988
1184,0.09135394887800172
1185,0.37074798976974355
1186,0.1458078499441441
1187,0.10869697793388548
1188,0.8760231932756886
1189,0.12231137194006543
1190,0.17555977214613566
1191,0.10339538348032251
1192,0.12796038772090598
1193,0.295771494876196
1194,0.07210241481270006
1195,0.09218430483333966
1196,0.7712717046827645
1197,0.8734072624982578
1198,0.35404749639217686
1199,0.8292900824322993
1200,0.2461202332793782
1201,0.30908823759288834
1202,0.11251042622489978
1203,0.17115710448564997
1204,0.0783626520280182
1205,0.5565673979134558
1206,0.9049707002215378
1207,0.7610766286053934
1208,0.2778375984611464
1209,0.1267979464378441
1210,0.14263677880803277
1211,0.0671217983718951
1212,0.1388223091039899
1213,0.20288627870370618
1214,0.1529847624431003
1215,0.5756846141182145
1216,0.8964098379860956
1217,0.12044729333372015
1218,0.9243677706773621
1219,0.19178339154275942
1220,0.07803928077080129
1221,0.09454086787864259
1222,0.9326071462420934
1223,0.6195309190118088
1224,0.0845982853392371
1225,0.6609314025213202
1226,0.12061159814883564
1227,0.30355665590436753
1228,0.18601496862278663
1229,0.07945306626082511
1230,0.22528917617953353
1231,0.8667724297290977
1232,0.13303739204468168
1233,0.08964207647970515
1234,0.09869145699784113
1235,0.9020421958558911
1236,0.8132731335302003
1237,0.6976459919580453
1238,0.12950274538423062
1239,0.5669990718931717
1240,0.09255108262478837
1241,0.9028079059048428
1242,0.9370644960127779
1243,0.09175367896439171
1244,0.21008717296061605
1245,0.09146327024454978
1246,0.8019648564621316
1247,0.20854498324193335
1248,0.9288086561554992
1249,0.09793850922314709
1250,0.10429276899845079
1251,0.5504840038083596
1252,0.08475734233108964
1253,0.931653465638995
1254,0.8961066912004163
1255,0.15271369489493208
1256,0.920502012654452
1257,0.12979595084885293
1258,0.10300685026629366
1259,0.26034649961786155
1260,0.9290590470078184
1261,0.16101863073865536
1262,0.09657650336033749
1263,0.9477918335063962
1264,0.12596948883305736
1265,0.13983855524590733
1266,0.9293022592767418
1267,0.9378721710349719
1268,0.3639072058133466
1269,0.0898308629496268
1270,0.17279055177543445
1271,0.15204427244231625
1272,0.10429276899845079
1273,0.1582100767813573
1274,0.47370887335869255
1275,0.4985635308220052
1276,0.10313290803302537
1277,0.9235508918136534
1278,0.11639619471276028
1279,0.11240586800487769
1280,0.16237573478462758
1281,0.141958850984311
1282,0.332305084999893
1283,0.922845471875563
1284,0.7407898579919003
1285,0.10041692619667905
1286,0.07019617653665486
1287,0.9236304579965205
1288,0.12109624143270206
1289,0.936761727796411
1290,0.11952130140091052
1291,0.08407607337619608
1292,0.9447134852578565
1293,0.07043492659453959
1294,0.9372753173853731
1295,0.17002681861664462
1296,0.3153563585318929
1297,0.32282919817247613
1298,0.10812805985950329
1299,0.28410811368766714
1300,0.7551489510249436
1301,0.7417998991142463
1302,0.7712717046827645
1303,0.951001683896938
1304,0.5070563770133182
1305,0.1339489435136127
1306,0.9115141969643841
1307,0.06951474742622814
1308,0.12816547644302434
1309,0.8692412868892176
